{
  "Right Option Key Sends" : 0,
  "Tags" : [

  ],
  "Ansi 12 Color" : {
    "Green Component" : 0.59999999999999998,
    "Blue Component" : 0.73333333333333328,
    "Red Component" : 0.42352941176470588
  },
  "Ansi 6 Color" : {
    "Green Component" : 0.83853216239999995,
    "Blue Component" : 0.8118151991,
    "Red Component" : 0.49031879989999999
  },
  "Reduce Flicker" : false,
  "Bold Color" : {
    "Green Component" : 0.81568628549575806,
    "Blue Component" : 0.81568628549575806,
    "Red Component" : 0.81568628549575806
  },
  "Transparency" : 0,
  "Normal Font" : "D2Coding 13",
  "Ansi 2 Color" : {
    "Green Component" : 0.55576569570000001,
    "Blue Component" : 0.3144466675,
    "Red Component" : 0.49473804389999998
  },
  "Rows" : 25,
  "Default Bookmark" : "No",
  "Custom Directory" : "No",
  "Ansi 5 Color" : {
    "Green Component" : 0.30697798579568808,
    "Blue Component" : 0.52344669809931299,
    "Red Component" : 0.62333851809954743
  },
  "Cursor Guide Color" : {
    "Red Component" : 0.70214027166366577,
    "Color Space" : "sRGB",
    "Blue Component" : 1,
    "Alpha Component" : 0.25,
    "Green Component" : 0.92681378126144409
  },
  "Non-ASCII Anti Aliased" : true,
  "Use Bright Bold" : true,
  "Ansi 10 Color" : {
    "Green Component" : 0.55576569570135748,
    "Blue Component" : 0.31444666754949363,
    "Red Component" : 0.49473804391474724
  },
  "Icon" : 0,
  "Ambiguous Double Width" : false,
  "Jobs to Ignore" : [
    "rlogin",
    "ssh",
    "slogin",
    "telnet"
  ],
  "Show Status Bar" : true,
  "Ansi 15 Color" : {
    "Green Component" : 0.96078431606292725,
    "Blue Component" : 0.96078431606292725,
    "Red Component" : 0.96078431606292725
  },
  "Foreground Color" : {
    "Green Component" : 0.81568628549575806,
    "Blue Component" : 0.81568628549575806,
    "Red Component" : 0.81568628549575806
  },
  "Bound Hosts" : [

  ],
  "Working Directory" : "/Users/nad4",
  "Blinking Cursor" : false,
  "Disable Window Resizing" : true,
  "Sync Title" : false,
  "Prompt Before Closing 2" : false,
  "BM Growl" : true,
  "Command" : "/bin/zsh",
  "Description" : "Default",
  "Mouse Reporting" : true,
  "Screen" : -1,
  "Selection Color" : {
    "Green Component" : 0.18823529779911041,
    "Blue Component" : 0.18823529779911041,
    "Red Component" : 0.18823529779911041
  },
  "Columns" : 100,
  "Idle Code" : 0,
  "Ansi 13 Color" : {
    "Green Component" : 0.30697798580000002,
    "Blue Component" : 0.5234466981,
    "Red Component" : 0.62333851809999996
  },
  "Custom Command" : "Yes",
  "ASCII Anti Aliased" : true,
  "Non Ascii Font" : "Monaco 12",
  "Vertical Spacing" : 1,
  "Use Bold Font" : true,
  "Option Key Sends" : 0,
  "Selected Text Color" : {
    "Green Component" : 0.81568628549575806,
    "Blue Component" : 0.81568628549575806,
    "Red Component" : 0.81568628549575806
  },
  "Background Color" : {
    "Green Component" : 0.1283406391402715,
    "Blue Component" : 0.1283406391402715,
    "Red Component" : 0.1283406391402715
  },
  "Character Encoding" : 4,
  "Ansi 11 Color" : {
    "Green Component" : 0.70980392160000005,
    "Blue Component" : 0.4039215686,
    "Red Component" : 0.8980392157
  },
  "Use Italic Font" : true,
  "Unlimited Scrollback" : false,
  "Keyboard Map" : {

  },
  "Window Type" : 0,
  "Initial Text" : "",
  "Background Image Location" : "",
  "Blur" : false,
  "Badge Color" : {
    "Red Component" : 1,
    "Color Space" : "sRGB",
    "Blue Component" : 0,
    "Alpha Component" : 0.5,
    "Green Component" : 0.14910027384757996
  },
  "Scrollback Lines" : 1000,
  "Send Code When Idle" : false,
  "Close Sessions On End" : true,
  "Terminal Type" : "xterm-256color",
  "Visual Bell" : true,
  "Flashing Bell" : false,
  "Status Bar Layout" : {
    "components" : [
      {
        "class" : "iTermStatusBarCPUUtilizationComponent",
        "configuration" : {
          "knobs" : {
            "base: priority" : 5,
            "shared text color" : {
              "Red Component" : 0.90000000000000002,
              "Color Space" : "sRGB",
              "Blue Component" : 0.63,
              "Alpha Component" : 1,
              "Green Component" : 0.63
            },
            "base: compression resistance" : 1
          },
          "layout advanced configuration dictionary value" : {
            "remove empty components" : false,
            "font" : ".AppleSystemUIFont 12",
            "algorithm" : 0,
            "auto-rainbow style" : 1
          }
        }
      },
      {
        "class" : "iTermStatusBarMemoryUtilizationComponent",
        "configuration" : {
          "knobs" : {
            "base: priority" : 5,
            "shared text color" : {
              "Red Component" : 0.80145,
              "Color Space" : "sRGB",
              "Blue Component" : 0.63,
              "Alpha Component" : 1,
              "Green Component" : 0.90000000000000002
            },
            "base: compression resistance" : 1
          },
          "layout advanced configuration dictionary value" : {
            "remove empty components" : false,
            "font" : ".AppleSystemUIFont 12",
            "algorithm" : 0,
            "auto-rainbow style" : 1
          }
        }
      },
      {
        "class" : "iTermStatusBarNetworkUtilizationComponent",
        "configuration" : {
          "knobs" : {
            "base: priority" : 5,
            "shared text color" : {
              "Red Component" : 0.63,
              "Color Space" : "sRGB",
              "Blue Component" : 0.82710000000000006,
              "Alpha Component" : 1,
              "Green Component" : 0.90000000000000002
            },
            "base: compression resistance" : 1
          },
          "layout advanced configuration dictionary value" : {
            "remove empty components" : false,
            "font" : ".AppleSystemUIFont 12",
            "algorithm" : 0,
            "auto-rainbow style" : 1
          }
        }
      },
      {
        "class" : "iTermStatusBarBatteryComponent",
        "configuration" : {
          "knobs" : {
            "base: priority" : 5,
            "shared text color" : {
              "Red Component" : 0.65564999999999996,
              "Color Space" : "sRGB",
              "Blue Component" : 0.90000000000000002,
              "Alpha Component" : 1,
              "Green Component" : 0.63
            },
            "base: compression resistance" : 1
          },
          "layout advanced configuration dictionary value" : {
            "remove empty components" : false,
            "font" : ".AppleSystemUIFont 12",
            "algorithm" : 0,
            "auto-rainbow style" : 1
          }
        }
      },
      {
        "class" : "iTermStatusBarHostnameComponent",
        "configuration" : {
          "knobs" : {
            "path" : "hostname",
            "base: priority" : 5,
            "base: compression resistance" : 1,
            "shared text color" : {
              "Red Component" : 0.90000000000000002,
              "Color Space" : "sRGB",
              "Blue Component" : 0.77580000000000005,
              "Alpha Component" : 1,
              "Green Component" : 0.63
            }
          },
          "layout advanced configuration dictionary value" : {
            "remove empty components" : false,
            "font" : ".AppleSystemUIFont 12",
            "algorithm" : 0,
            "auto-rainbow style" : 1
          }
        }
      }
    ],
    "advanced configuration" : {
      "remove empty components" : false,
      "font" : ".AppleSystemUIFont 12",
      "algorithm" : 0,
      "auto-rainbow style" : 1
    }
  },
  "Show Timestamps" : 0,
  "Silence Bell" : false,
  "Unicode Normalization" : 1,
  "Ansi 14 Color" : {
    "Green Component" : 0.83853216239999995,
    "Blue Component" : 0.8118151991,
    "Red Component" : 0.49031879989999999
  },
  "Name" : "nad4-profile",
  "Cursor Text Color" : {
    "Green Component" : 0.08235294371843338,